category,seo_opportunity_score,search_volume,avg_position,seo_conv_rate,campaigns_count
Skin Care,0.98399515625,216472,26.825,3.46125,8
Fitness Gear,0.793701375,281338,24.380000000000003,2.369,10
Home Decor,0.7012531666666667,314956,27.0,2.488,10
Astrology Services,0.5611740416666666,256471,28.97,2.5789999999999997,10
Supplements,0.4324980902777778,297737,27.900000000000002,2.2416666666666667,12
